TCGA Up,TCGA Up Name,VPC Up,TCGA Down,TCGA Down Name,VPC Down,Consensus Up,Consensus Down
155060,?,AC003985.1,729884,?,AC002347.2,,
90288,?,AC004540.4,1,A1BG,AC009123.1,,
10257,ABCC4,AC005726.6+SPAG5,54715,A2BP1,AC073464.11,,
9311,ACCN3,AC007834.3,26154,ABCA12,AC103564.7,,
93650,ACPT,AC008060.7,24,ABCA4,ACSS3,,
56,ACRV1,AC010423.1,8714,ABCC3,ACTG2,,
116285,ACSM1,AC011508.1,368,ABCC6,ADRA1D,,
2515,ADAM2,AC013470.8,730013,ABCC6P2,AL590226.1,,
8747,ADAM21,AC068858.1,6833,ABCC8,ALDH1A2,,
79924,ADM2,AC093388.3,10060,ABCC9,B3GALT2,,
113622,ADPRHL1,AC097468.5,225,ABCD2,BAI3,,
150,ADRA2A,AC104024.2,9429,ABCG2,BX470102.3,,
153,ADRB1,AC141930.2,64137,ABCG4,C11orf41,,
79814,AGMAT,ACRV1,57406,ABHD6,C3orf70,,
155465,AGR3,ADAMTS16,28,ABO,CAPG,,
26289,AK5,AE000661.37,26,ABP1,CCBE1,,
213,ALB,AKR1C3,32,ACACB,CHAD,,
220,ALDH1A3,AL035562.1,1636,ACE,CHST2,,
222,ALDH3B2,AL138815.1,59272,ACE2,CLCA2,,
246,ALOX15,ALAS2,125981,ACER1,COL17A1,,
23600,AMACR,ANGPTL3,26027,ACOT11,CPNE6,,
268,AMH,AP000884.4,8309,ACOX2,CSRP1,,
269,AMHR2,ASF1B,23205,ACSBG1,CTD-2062O1.3,,
27329,ANGPTL3,B4GALNT4,80221,ACSF2,CTF1,,
138649,ANKRD19,BARX1,2182,ACSL4,CYP27A1,,
340120,ANKRD34B,BLM,23305,ACSL6,DGKG,,
50636,ANO7,BUB1,79611,ACSS3,DMKN,,
321,APBA2,BUB1B,58,ACTA1,DUOX1,,
8862,APLN,C17orf55,59,ACTA2,DUOX2,,
341,APOC1,CCNA2,70,ACTC1,EDN3,,
344,APOC2,CCNB1,72,ACTG2,EFS,,
348,APOE,CDC20,88,ACTN2,ERAP2,,
319,APOF,CDC25C,161931,ADAD2,FAM107A,,
398,ARHGDIG,CDC45,53616,ADAM22,FAM83B,,
54848,ARHGEF38,CDC6,8745,ADAM23,FAT2,,
219681,ARMC3,CDCA3,10863,ADAM28,FGFR2,,
347527,ARSH,CDKN3,170689,ADAMTS15,FLRT3,,
55723,ASF1B,CDX1,170692,ADAMTS18,FOXN1,,
253982,ASPHD1,CELSR3,11096,ADAMTS5,FRMD6,,
259266,ASPM,COMP,57188,ADAMTSL3,GGT6,,
54829,ASPN,CPLX1,111,ADCY5,GJB4,,
285973,ATG9B,CPNE7,114,ADCY8,GJB5,,
474,ATOH1,CTB-1144G6.5,117,ADCYAP1R1,GLDN,,
220202,ATOH7,CTB-54I1.1,120,ADD3,GNAL,,
51761,ATP8A2,CTD-2334D19.1,125,ADH1B,GPR124,,
9212,AURKB,CTD-2547H18.1,136,ADORA2B,HRH2,,
27087,B3GAT1,CTD-3064M3.4,148,ADRA1A,IL17RE,,
79369,B3GNT4,CXorf48,147,ADRA1B,IL22RA1,,
192134,B3GNT6,D87023.1,146,ADRA1D,IQCA1,,
338707,B4GALNT4,DERL3,151,ADRA2B,KANK4,,
80115,BAIAP2L2,DLGAP5,155,ADRB3,KCNB1,,
8938,BAIAP3,E2F8,84632,AFAP1L2,KIAA1462,,
56033,BARX1,EPHA8,2334,AFF2,KRT15,,
606,BCL8,ERG,113146,AHNAK2,KRT16P1,,
389206,BEND4,ESPL1,196,AHR,KRT222+SMARCE1,,
636,BICD1,FAM57B,150209,AIFM3,KRT23,,
638,BIK,FAM64A,55057,AIM1L,KRT5,,
332,BIRC5,FBP2,55966,AJAP1,LAMB3,,
79444,BIRC7,GDF3,11217,AKAP2,LIX1,,
9024,BRSK2,GGCT,231,AKR1B1,LRP4,,
699,BUB1,GTSE1,1646,AKR1C2,MAP1LC3B2,,
701,BUB1B,HBQ1,8854,ALDH1A2,MCF2,,
79946,C10orf95,HJURP,160428,ALDH1L2,MEIS3P2,,
84915,C12orf34,IGHEP1,217,ALDH2,MPPED2,,
317761,C14orf39,IGLV4-3,218,ALDH3A1,MRVI1,,
283651,C15orf21,IL24,245,ALOX12P2,MYH11,,
414926,C15orf50,IQGAP3,154796,AMOT,MYL9,,
80178,C16orf59,KB-1043D8.6,273,AMPH,MYOCD,,
284083,C17orf47,KIAA1239,275,AMT,NCRNA00087,,
284185,C17orf55,KIF4A,284,ANGPT1,NGFR,,
360205,C17orf93,KIFC1,9068,ANGPTL1,NIPAL4,,
100170841,C17orf96,KLHL35,51129,ANGPTL4,NOS1,,
85019,C18orf45,KRTAP1-5,10218,ANGPTL7,NPAS4,,
147685,C19orf18,LBX2,287,ANK2,NPPC,,
148046,C19orf23,LDHC,26287,ANKRD2,NRG1,,
374877,C19orf45,LIN7A,148741,ANKRD35,P2RY2,,
84798,C19orf48,LMNB1,134548,ANKRD43,PAK3,,
352909,C19orf51,LRRC36,339416,ANKRD45,PAK7,,
79098,C1orf116,MGAT5B,79998,ANKRD53,PARM1,,
128229,C1orf182,MIP,55107,ANO1,PCSK2,,
149563,C1orf64,MLF1IP,121601,ANO4,PHYHIPL,,
126567,C2CD4C,MYBL2,203859,ANO5,PITPNM3,,
100132708,C2orf14,NCAPG,196527,ANO6,PLCH2,,
257407,C2orf72,NEIL3,81611,ANP32E,PLIN4,,
389084,C2orf82,NEK2,301,ANXA1,PPP1R14C,,
720,C4A,NETO2,312,ANXA13,PRDM8,,
401115,C4orf48,NKX2-2,302,ANXA2,RAB9B,,
153571,C5orf38,NKX6-1,303,ANXA2P1,RASL12,,
404220,C6orf201,NR2E1,304,ANXA2P2,RBFOX3,,
401251,C6orf26,NUSAP1,305,ANXA2P3,RIMS4,,
340277,C7orf46,OIP5,309,ANXA6,RNF165,,
286103,C8orf77,ONECUT2,653145,ANXA8,RP11-14D22.5,,
340393,C8ORFK29,OTOP3,244,ANXA8L2,RP11-218L14.4,,
286207,C9orf117,PBK,8639,AOC3,RP11-222A11.1,,
89958,C9orf140,PLA2G2E,316,AOX1,RP11-229C3.2,,
158055,C9orf163,PLK1,164284,APCDD1L,RP11-354P17.9,,
375791,C9orf169,PMCH,338,APOB,RP11-439K3.3,,
441476,C9orf173,PMCHL2,10930,APOBEC2,RP11-475O23.2,,
57010,CABP4,POU4F1,27350,APOBEC3C,RP11-88I18.3,,
776,CACNA1D,PPFIA2,140564,APOBEC3D,RP3-395M20.3,,
94032,CAMK2N2,PPP1R14B,200316,APOBEC3F,RP4-660H19.1,,
10645,CAMKK2,PRC1,60489,APOBEC3G,RP4-740C4.4,,
57524,CASKIN1,PRR11,89872,AQP10,RP4-740D2.1,,
79820,CATSPERB,PRYP1,359,AQP2,SCN2B,,
23624,CBLC,PTPRT,361,AQP4,SERPINB5,,
875,CBS,RAB19,362,AQP5,SLC22A17,,
84733,CBX2,RDM1,366,AQP9,SLC47A1,,
255101,CCDC108,RHBG,23237,ARC,SORBS1,,
256309,CCDC110,RINL,57569,ARHGAP20,SPATA18,,
645811,CCDC154,RNFT2,58504,ARHGAP22,SRD5A2,,
55036,CCDC40,RP11-1000B6.2,57636,ARHGAP23,ST6GALNAC2,,
387885,CCDC42B,RP11-107P7.5,128272,ARHGEF19,SYNM,,
92558,CCDC64,RP11-117L15.1,285598,ARL10,THSD4,,
124093,CCDC78,RP11-123K19.1,379,ARL4D,TMEM40,,
220047,CCDC83,RP11-124O11.2,51309,ARMCX1,TNS4,,
6356,CCL11,RP11-265P11.2,416,ARSF,TP63,,
6362,CCL18,RP11-305M3.3,79642,ARSJ,TP73,,
890,CCNA2,RP11-320N21.1,79827,ASAM,TRIM29,,
9133,CCNB2,RP11-332J15.1,142689,ASB12,TRPV4,,
991,CDC20,RP11-337A23.6,51676,ASB2,VANGL2,,
995,CDC25C,RP11-33A14.2,430,ASCL2,VIT,,
8318,CDC45,RP11-385J1.2,443,ASPA,WNT5B,,
157313,CDCA2,RP11-390F4.10,444,ASPH,XG,,
83461,CDCA3,RP11-412B14.1,445,ASS1,ZNF204P,,
113130,CDCA5,RP11-466P24.6,431705,ASTL,ZNF334,,
55143,CDCA8,RP11-47P18.1,460,ASTN1,ZNF488,,
8851,CDK5R1,RP11-486F17.1,80816,ASXL3,,,
1029,CDKN2A,RP11-542B15.1,219293,ATAD3C,,,
1033,CDKN3,RP11-548H18.1,85300,ATCAY,,,
81620,CDT1,RP11-548O1.3,467,ATF3,,,
27443,CECR2,RP11-558N14.1,84913,ATOH8,,,
60680,CELF5,RP11-560I19.4,23120,ATP10B,,,
1951,CELSR3,RP11-563D10.1,479,ATP12A,,,
1058,CENPA,RP11-564D11.3,84239,ATP13A4,,,
1063,CENPF,RP11-664D1.1,477,ATP1A2,,,
79019,CENPM,RP11-701P16.5,480,ATP1A4,,,
55839,CENPN,RP11-71G12.1,481,ATP1B1,,,
55165,CEP55,RP11-725K16.4,482,ATP1B2,,,
10669,CGREF1,RP11-843A23.1,493,ATP2B4,,,
55349,CHDH,RP11-89F3.2,50617,ATP6V0A4,,,
1116,CHI3L1,RP11-93O17.1,245972,ATP6V0D2,,,
1118,CHIT1,RP1-30E17.2,525,ATP6V1B1,,,
1135,CHRNA2,RP4-723E3.1,127124,ATP6V1G3,,,
1138,CHRNA5,RPLP0P6,26033,ATRNL1,,,
64377,CHST8,RRM2,60370,AVPI1,,,
63922,CHTF18,SHCBP1,552,AVPR1A,,,
150468,CKAP2L,SPAG5,8707,B3GALT2,,,
1365,CLDN3,SPC24,10331,B3GNT3,,,
9073,CLDN8,SRCIN1,374907,B3GNT8,,,
348174,CLEC18A,TK1,84752,B3GNT9,,,
497190,CLEC18B,TNFSF11,2583,B4GALNT1,,,
283971,CLEC18C,TOP2A,577,BAI3,,,
26047,CNTNAP2,TPX2,10538,BATF,,,
1300,COL10A1,TREML3,8424,BBOX1,,,
1280,COL2A1,TRIP13,63827,BCAN,,,
1298,COL9A2,TROAP,590,BCHE,,,
81035,COLEC12,TTLL6,53335,BCL11A,,,
1311,COMP,U82695.9,596,BCL2,,,
1360,CPB1,UBE2C,53630,BCMO1,,,
10815,CPLX1,UBE2T,56898,BDH2,,,
594855,CPLX3,UBTFL1,624,BDKRB2,,,
27132,CPNE7,UGT2B4,627,BDNF,,,
1375,CPT1B,WDR62,79656,BEND5,,,
148327,CREB3L4,WI2-85898F10.1,55859,BEX1,,,
10321,CRISP3,XX-C2158C6.3,23743,BHMT2,,,
1412,CRYBA2,ZIC2,650,BMP2,,,
1427,CRYGS,ZIC5,653,BMP5,,,
10675,CSPG5,ZNF467,655,BMP7,,,
1470,CST2,ZP3,168667,BMPER,,,
115908,CTHRC1,,646,BNC1,,,
1493,CTLA4,,54796,BNC2,,,
1501,CTNND2,,149428,BNIPL,,,
90353,CTU1,,284697,BTBD8,,,
646243,CXADRP2,,11149,BVES,,,
3627,CXCL10,,414152,C10orf105,,,
6373,CXCL11,,414235,C10orf108,,,
4283,CXCL9,,10974,C10orf116,,,
84663,CYorf15B,,387640,C10orf140,,,
1565,CYP2D6,,414236,C10orf55,,,
1564,CYP2D7P1,,196740,C10orf72,,,
1573,CYP2J2,,143379,C10orf82,,,
1617,DAZ1,,255352,C10orf93,,,
79007,DBNDD1,,387695,C10orf99,,,
127579,DCST2,,219833,C11orf45,,,
55789,DEPDC1B,,85016,C11orf70,,,
26220,DGCR5,,399947,C11orf87,,,
25787,DGCR9,,120376,C11orf93,,,
81624,DIAPH3,,387882,C12orf75,,,
1733,DIO1,,728591,C13orf38,,,
9787,DLGAP5,,56967,C14orf132,,,
10683,DLL3,,80017,C14orf159,,,
1745,DLX1,,643382,C14orf176,,,
1746,DLX2,,400258,C14orf180,,,
1767,DNAH5,,145407,C14orf37,,,
1769,DNAH8,,161176,C14orf49,,,
85479,DNAJC5B,,388011,C14orf64,,,
1773,DNASE1,,84529,C15orf41,,,
1775,DNASE1L2,,196968,C15orf51,,,
58511,DNASE2B,,388135,C15orf59,,,
1824,DSC2,,89927,C16orf45,,,
64118,DUS1L,,404550,C16orf74,,,
1870,E2F2,,146556,C16orf89,,,
64641,EBF2,,374864,C18orf34,,,
283229,EFCAB4A,,64073,C19orf33,,,
1961,EGR4,,55765,C1orf106,,,
1993,ELAVL2,,57821,C1orf114,,,
114794,ELFN2,,200197,C1orf126,,,
80237,ELL3,,400746,C1orf130,,,
54898,ELOVL2,,374977,C1orf175,,,
197342,EME2,,55924,C1orf183,,,
2020,EN2,,440712,C1orf186,,,
957,ENTPD5,,541468,C1orf190,,,
4072,EPCAM,,148523,C1orf51,,,
284656,EPHA10,,375057,C1orf95,,,
2046,EPHA8,,10882,C1QL1,,,
8475,EPR1,,338761,C1QL4,,,
54821,ERCC6L,,114897,C1QTNF1,,,
2078,ERG,,25943,C20orf194,,,
9700,ESPL1,,253868,C20orf200,,,
80004,ESRP2,,140828,C20orf56,,,
9156,EXO1,,56245,C21orf62,,,
2146,EZH2,,114041,C21orf88,,,
2161,F12,,84645,C22orf23,,,
2151,F2RL2,,84417,C2orf40,,,
2153,F5,,60526,C2orf43,,,
2171,FABP5,,388939,C2orf71,,,
374393,FAM111B,,129852,C2orf73,,,
285512,FAM13AOS,,653140,C2orf84,,,
23359,FAM189A1,,84281,C2orf88,,,
54754,FAM22F,,389119,C3orf54,,,
83723,FAM57B,,152078,C3orf55,,,
54478,FAM64A,,285382,C3orf70,,,
346653,FAM71F2,,55286,C4orf19,,,
729533,FAM72A,,79625,C4orf31,,,
653820,FAM72B,,85438,C4orf35,,,
728833,FAM72D,,152641,C4orf38,,,
2191,FAP,,84709,C4orf49,,,
2194,FASN,,375444,C5orf34,,,
55336,FBXL8,,10826,C5orf4,,,
54738,FEV,,729,C6,,,
2867,FFAR2,,26238,C6orf123,,,
53834,FGFRL1,,387104,C6orf174,,,
2267,FGL1,,728464,C6orf186,,,
2272,FHIT,,387119,C6orf204,,,
440101,FLJ12825,,80737,C6orf27,,,
400710,FLJ26850,,730,C7,,,
2346,FOLH1,,136895,C7orf31,,,
219595,FOLH1B,,222950,C7orf51,,,
3169,FOXA1,,79974,C7orf58,,,
442425,FOXB2,,286122,C8orf31,,,
2297,FOXD1,,157869,C8orf84,,,
2298,FOXD4,,84302,C9orf125,,,
200350,FOXD4L1,,84688,C9orf24,,,
8928,FOXH1,,23732,C9orf4,,,
668,FOXL2,,770,CA11,,,
2305,FOXM1,,771,CA12,,,
121643,FOXN4,,23632,CA14,,,
2307,FOXS1,,760,CA2,,,
8325,FZD8,,761,CA3,,,
2562,GABRB3,,762,CA4,,,
2563,GABRD,,57685,CACHD1,,,
2571,GAD1,,781,CACNA2D1,,,
51083,GAL,,55799,CACNA2D3,,,
51809,GALNT7,,785,CACNB4,,,
442117,GALNTL6,,800,CALD1,,,
2650,GCNT1,,810,CALML3,,,
2657,GDF1,,83698,CALN1,,,
9518,GDF15,,57118,CAMK1D,,,
284161,GDPD1,,57172,CAMK1G,,,
2692,GHRHR,,815,CAMK2A,,,
2700,GJA3,,814,CAMK4,,,
2705,GJB1,,820,CAMP,,,
2731,GLDC,,23066,CAND2,,,
392465,GLOD5,,10486,CAP2,,,
92292,GLYATL1,,822,CAPG,,,
2762,GMDS,,827,CAPN6,,,
51764,GNG13,,388743,CAPN8,,,
51280,GOLM1,,84290,CAPNS2,,,
221914,GPC2,,9607,CARTPT,,,
26996,GPR160,,844,CASQ1,,,
2861,GPR37,,845,CASQ2,,,
84059,GPR98,,857,CAV1,,,
114787,GPRIN1,,858,CAV2,,,
116443,GRIN3A,,859,CAV3,,,
2925,GRPR,,140689,CBLN4,,,
145258,GSC,,147372,CCBE1,,,
284110,GSDMA,,223075,CCDC129,,,
83903,GSG2,,339965,CCDC158,,,
51512,GTSE1,,83643,CCDC3,,,
3026,HABP2,,84692,CCDC54,,,
84264,HAGHL,,160777,CCDC60,,,
54363,HAO1,,80323,CCDC68,,,
610,HCN2,,26112,CCDC69,,,
57801,HES4,,83987,CCDC8,,,
55502,HES6,,151887,CCDC80,,,
3008,HIST1H1E,,114800,CCDC85A,,,
3012,HIST1H2AE,,55704,CCDC88A,,,
8336,HIST1H2AM,,220388,CCDC89,,,
8347,HIST1H2BC,,881,CCIN,,,
8343,HIST1H2BF,,885,CCK,,,
8339,HIST1H2BG,,887,CCKBR,,,
8340,HIST1H2BL,,6366,CCL21,,,
8341,HIST1H2BN,,894,CCND2,,,
8348,HIST1H2BO,,645121,CCNI2,,,
8351,HIST1H3D,,79616,CCNJL,,,
8357,HIST1H3H,,51554,CCRL1,,,
8360,HIST1H4D,,57126,CD177,,,
8367,HIST1H4E,,4345,CD200,,,
8365,HIST1H4H,,50489,CD207,,,
8363,HIST1H4J,,29126,CD274,,,
8337,HIST2H2AA3,,146894,CD300LG,,,
126961,HIST2H3C,,948,CD36,,,
653604,HIST2H3D,,952,CD38,,,
92815,HIST3H2A,,958,CD40,,,
128312,HIST3H2BB,,168448,CDC14C,,,
121504,HIST4H4,,10602,CDC42EP3,,,
55355,HJURP,,1015,CDH17,,,
3101,HK3,,1016,CDH18,,,
3161,HMMR,,28513,CDH19,,,
10481,HOXB13,,1000,CDH2,,,
3221,HOXC4,,28316,CDH20,,,
3222,HOXC5,,64405,CDH22,,,
3223,HOXC6,,64072,CDH23,,,
3249,HPN,,1002,CDH4,,,
3263,HPX,,1006,CDH8,,,
9951,HS3ST4,,92211,CDHR1,,,
3293,HSD17B3,,65061,CDK15,,,
3299,HSF4,,5129,CDK18,,,
91156,IGFN1,,8814,CDKL1,,,
3589,IL11,,8999,CDKL2,,,
26525,IL1F5,,6792,CDKL5,,,
3642,INSM1,,1036,CDO1,,,
128239,IQGAP3,,1041,CDSN,,,
3665,IRF7,,4680,CEACAM6,,,
50805,IRX4,,1056,CEL,,,
91464,ISX,,10659,CELF2,,,
3681,ITGAD,,1952,CELSR2,,,
3687,ITGAX,,51286,CEND1,,,
9358,ITGBL1,,64781,CERK,,,
3747,KCNC2,,1066,CES1,,,
170850,KCNG3,,51716,CES4,,,
131096,KCNH8,,653275,CFC1B,,,
56660,KCNK12,,1675,CFD,,,
157855,KCNU1,,3075,CFH,,,
9808,KIAA0087,,1073,CFL2,,,
9768,KIAA0101,,1080,CFTR,,,
57535,KIAA1324,,94027,CGB7,,,
340390,KIAA1875,,1101,CHAD,,,
84960,KIAA1984,,26038,CHD5,,,
9928,KIF14,,1114,CHGB,,,
56992,KIF15,,63928,CHP2,,,
146909,KIF18B,,91851,CHRDL1,,,
10112,KIF20A,,89832,CHRFAM7A,,,
3834,KIF25,,1129,CHRM2,,,
11004,KIF2C,,1137,CHRNA4,,,
24137,KIF4A,,1139,CHRNA7,,,
3833,KIFC1,,50515,CHST11,,,
90990,KIFC2,,51363,CHST15,,,
152831,KLB,,9435,CHST2,,,
339451,KLHL17,,9469,CHST3,,,
283212,KLHL35,,10164,CHST4,,,
43849,KLK12,,4166,CHST6,,,
43847,KLK14,,83539,CHST9,,,
55554,KLK15,,63924,CIDEC,,,
3817,KLK2,,4435,CITED1,,,
354,KLK3,,1158,CKM,,,
9622,KLK4,,1160,CKMT2,,,
606293,KLKP1,,9635,CLCA2,,,
3849,KRT2,,22802,CLCA4,,,
54474,KRT20,,1188,CLCNKB,,,
387264,KRTAP5-1,,5010,CLDN11,,,
10715,LASS1,,10686,CLDN16,,,
94059,LENG9,,149461,CLDN19,,,
3955,LFNG,,9075,CLDN2,,,
26468,LHX6,,10143,CLEC3A,,,
645191,LINGO3,,7123,CLEC3B,,,
4010,LMX1B,,283420,CLEC9A,,,
100128675,LOC100128675,,9022,CLIC3,,,
100128788,LOC100128788,,25932,CLIC4,,,
100128842,LOC100128842,,54102,CLIC6,,,
100129066,LOC100129066,,25999,CLIP3,,,
100130872,LOC100130872,,79745,CLIP4,,,
100131434,LOC100131434,,64084,CLSTN2,,,
100133612,LOC100133612,,1191,CLU,,,
100144604,LOC100144604,,134829,CLVS2,,,
100272228,LOC100272228,,116173,CMTM5,,,
100287718,LOC100287718,,202333,CMYA5,,,
145837,LOC145837,,1264,CNN1,,,
149134,LOC149134,,1268,CNR1,,,
153328,LOC153328,,1271,CNTFR,,,
286467,LOC286467,,1272,CNTN1,,,
338799,LOC338799,,6900,CNTN2,,,
339674,LOC339674,,85445,CNTNAP4,,,
389332,LOC389332,,1690,COCH,,,
391322,LOC391322,,1305,COL13A1,,,
399815,LOC399815,,1308,COL17A1,,,
400696,LOC400696,,1310,COL19A1,,,
440905,LOC440905,,81578,COL21A1,,,
644165,LOC644165,,91522,COL23A1,,,
647309,LOC647309,,85301,COL27A1,,,
728606,LOC728606,,1288,COL4A6,,,
728875,LOC728875,,1297,COL9A1,,,
57622,LRFN1,,10584,COLEC10,,,
136332,LRGUK,,51226,COPZ2,,,
26018,LRIG1,,10391,CORO2B,,,
389816,LRRC26,,1346,COX7A1,,,
55282,LRRC36,,1357,CPA1,,,
115399,LRRC56,,57094,CPA6,,,
57554,LRRC7,,27151,CPAMD8,,,
338645,LUZP2,,64506,CPEB1,,,
4117,MAK,,57699,CPNE5,,,
23542,MAPK8IP2,,9362,CPNE6,,,
441061,MARCH11,,56265,CPXM1,,,
65108,MARCKSL1,,1381,CRABP1,,,
4145,MATK,,1382,CRABP2,,,
4151,MB,,23418,CRB1,,,
129642,MBOAT2,,1393,CRHBP,,,
55388,MCM10,,401262,CRIP3,,,
255231,MCOLN2,,167,CRISP1,,,
9833,MELK,,7180,CRISP2,,,
55897,MESP1,,55118,CRTAC1,,,
92312,MEX3A,,1410,CRYAB,,,
146664,MGAT5B,,1440,CSF3,,,
84983,MGC14436,,1464,CSPG4,,,
51237,MGC29506,,80034,CSRNP3,,,
256227,MGC87042,,1465,CSRP1,,,
55586,MIOX,,1472,CST4,,,
407975,MIR17HG,,1475,CSTA,,,
4288,MKI67,,1489,CTF1,,,
79682,MLF1IP,,1510,CTSE,,,
4319,MMP10,,83992,CTTNBP2,,,
4320,MMP11,,2919,CXCL1,,,
56547,MMP26,,10563,CXCL13,,,
4318,MMP9,,284340,CXCL17,,,
3110,MNX1,,6374,CXCL5,,,
54456,MOV10L1,,6372,CXCL6,,,
51678,MPP6,,3577,CXCR1,,,
83661,MS4A8B,,3579,CXCR2,,,
4439,MSH5,,55086,CXorf57,,,
4440,MSI1,,1583,CYP11A1,,,
151507,MSL3L2,,1588,CYP19A1,,,
4583,MUC2,,1591,CYP24A1,,,
255275,MYADML2,,56603,CYP26B1,,,
4605,MYBL2,,1593,CYP27A1,,,
4604,MYBPC1,,339761,CYP27C1,,,
64005,MYO1G,,1556,CYP2B7P1,,,
283446,MYO1H,,54905,CYP2W1,,,
25924,MYRIP,,1577,CYP3A5,,,
64151,NCAPG,,1551,CYP3A7,,,
23397,NCAPH,,1580,CYP4B1,,,
100188954,NCRNA00093,,66002,CYP4F12,,,
80161,NCRNA00105,,8529,CYP4F2,,,
283981,NCRNA00107,,126410,CYP4F22,,,
79854,NCRNA00115,,4051,CYP4F3,,,
284739,NCRNA00176,,57105,CYSLTR2,,,
283131,NEAT1,,54360,CYTL1,,,
55247,NEIL3,,27065,D4S234E,,,
4751,NEK2,,23500,DAAM2,,,
341676,NEK5,,1600,DAB1,,,
81832,NETO1,,92196,DAPL1,,,
81831,NETO2,,27071,DAPP1,,,
4807,NHLH1,,1620,DBC1,,,
79570,NKAIN1,,55861,DBNDD2,,,
7080,NKX2-1,,139170,DCAF12L1,,,
4821,NKX2-2,,340578,DCAF12L2,,,
159296,NKX2-3,,1630,DCC,,,
4824,NKX3-1,,54798,DCHS2,,,
4825,NKX6-1,,1634,DCN,,,
91662,NLRP12,,54541,DDIT4,,,
126205,NLRP8,,115265,DDIT4L,,,
8715,NOL4,,8528,DDO,,,
50507,NOX4,,4921,DDR2,,,
8620,NPFF,,29118,DDX25,,,
283869,NPW,,1672,DEFB1,,,
7101,NR2E1,,400830,DEFB132,,,
155400,NSUN5P1,,163259,DENND2C,,,
260294,NSUN5P2,,91614,DEPDC7,,,
254552,NUDT8,,1674,DES,,,
83540,NUF2,,1608,DGKG,,,
23225,NUP210,,112817,DHDPSL,,,
284451,ODF3L2,,729582,DIRC3,,,
11339,OIP5,,85458,DIXDC1,,,
116448,OLIG1,,22943,DKK1,,,
9480,ONECUT2,,27122,DKK3,,,
79290,OR13A1,,8788,DLK1,,,
143503,OR51E1,,65989,DLK2,,,
81285,OR51E2,,1747,DLX3,,,
119695,OR52R1,,1755,DMBT1,,,
200931,OSTalpha,,11144,DMC1,,,
5013,OTX1,,1756,DMD,,,
5026,P2RX5,,93099,DMKN,,,
5032,P2RY11,,10655,DMRT2,,,
80336,PABPC1L,,8701,DNAH11,,,
340529,PABPC1L2A,,11080,DNAJB4,,,
645974,PABPC1L2B,,25822,DNAJB5,,,
79957,PAQR6,,29103,DNAJC15,,,
5075,PAX1,,1776,DNASE1L3,,,
55872,PBK,,92737,DNER,,,
50652,PCA3,,1795,DOCK3,,,
56147,PCDHA1,,55715,DOK4,,,
56146,PCDHA2,,285489,DOK7,,,
56140,PCDHA8,,1804,DPP6,,,
56133,PCDHB2,,1805,DPT,,,
56128,PCDHB8,,349152,DPY19L2P2,,,
56127,PCDHB9,,1806,DPYD,,,
56104,PCDHGB1,,1807,DPYS,,,
5046,PCSK6,,1809,DPYSL3,,,
5140,PDE3B,,1812,DRD1,,,
64714,PDIA2,,1813,DRD2,,,
10611,PDLIM5,,1825,DSC3,,,
112885,PHF21B,,57453,DSCAML1,,,
644844,PHGR1,,1830,DSG3,,,
5570,PKIB,,147409,DSG4,,,
9088,PKMYT1,,667,DST,,,
51365,PLA1A,,1837,DTNA,,,
5320,PLA2G2A,,53905,DUOX1,,,
26279,PLA2G2D,,50506,DUOX2,,,
7941,PLA2G7,,90527,DUOXA1,,,
153770,PLAC8L1,,405753,DUOXA2,,,
84069,PLEKHN1,,128853,DUSP15,,,
5347,PLK1,,142679,DUSP19,,,
56937,PMEPA1,,1844,DUSP2,,,
375775,PNPLA7,,1846,DUSP4,,,
50512,PODXL2,,1780,DYNC1I1,,,
353497,POLN,,22873,DZIP1,,,
10721,POLQ,,60401,EDA2R,,,
64208,POPDC3,,10913,EDAR,,,
5462,POU5F1B,,10876,EDDM3A,,,
5475,PPEF1,,64184,EDDM3B,,,
22843,PPM1E,,10085,EDIL3,,,
26472,PPP1R14B,,1908,EDN3,,,
5540,PPYR1,,1909,EDNRA,,,
84366,PRAC,,1910,EDNRB,,,
23532,PRAME,,79645,EFCAB1,,,
9055,PRC1,,2202,EFEMP1,,,
59335,PRDM12,,30008,EFEMP2,,,
10216,PRG4,,286097,EFHA2,,,
8858,PROZ,,80258,EFHC2,,,
51334,PRR16,,80303,EFHD1,,,
163154,PRR22,,1946,EFNA5,,,
80758,PRR7,,1947,EFNB1,,,
57540,PTCHD2,,1949,EFNB3,,,
11156,PTP4A3,,10278,EFS,,,
5801,PTPRR,,25975,EGFL6,,,
11122,PTPRT,,100126791,EGOT,,,
9232,PTTG1,,30846,EHD2,,,
5820,PVT1,,493861,EID3,,,
5831,PYCR1,,1995,ELAVL3,,,
84074,QRICH2,,2000,ELF4,,,
64284,RAB17,,55531,ELMOD1,,,
401409,RAB19,,90187,EMILIN3,,,
25837,RAB26,,2018,EMX2,,,
5865,RAB3B,,196047,EMX2OS,,,
5881,RAC3,,133121,ENPP6,,,
8438,RAD54L,,956,ENTPD3,,,
646024,RAET1K,,23136,EPB41L3,,,
5909,RAP1GAP,,1969,EPHA2,,,
201299,RDM1,,2044,EPHA5,,,
83998,REG4,,2047,EPHB1,,,
222546,RFX6,,79852,EPHX3,,,
6001,RGS10,,253152,EPHX4,,,
8786,RGS11,,2066,ERBB4,,,
114822,RHPN1,,10595,ERN2,,,
284716,RIMKLA,,339768,ESPNL,,,
146206,RLTPR,,55224,ETNK2,,,
114804,RNF157,,2114,ETS2,,,
84900,RNFT2,,2117,ETV3,,,
54763,ROPN1,,2119,ETV5,,,
152015,ROPN1B,,132884,EVC2,,,
57096,RPGRIP1,,645027,EVPLL,,,
644511,RPL13AP6,,2128,EVX1,,,
200916,RPL22L1,,344191,EVX2,,,
6173,RPL36A,,2138,EYA1,,,
388394,RPRML,,2070,EYA4,,,
6241,RRM2,,2159,F10,,,
728194,RSPH10B2,,2155,F7,,,
349667,RTN4RL2,,2170,FABP3,,,
140700,SAMD10,,2167,FABP4,,,
389432,SAMD5,,2173,FABP7,,,
388228,SBK1,,3992,FADS1,,,
6339,SCNN1D,,9415,FADS2,,,
221935,SDK1,,11170,FAM107A,,,
10993,SDS,,642273,FAM110C,,,
124404,SEPT12,,220108,FAM124A,,,
55964,SEPT3,,728215,FAM155A,,,
619189,SERINC4,,221303,FAM162B,,,
256394,SERPINA11,,148753,FAM163A,,,
6424,SFRP4,,83648,FAM167A,,,
729238,SFTPA2,,84141,FAM176A,,,
26084,SGEF,,51252,FAM178B,,,
151648,SGOL1,,220382,FAM181B,,,
57630,SH3RF1,,642938,FAM196A,,,
79801,SHCBP1,,100131897,FAM196B,,,
6474,SHOX2,,407738,FAM19A1,,,
6493,SIM2,,338811,FAM19A2,,,
6495,SIX1,,63895,FAM38B,,,
220134,SKA1,,55603,FAM46A,,,
221150,SKA3,,115572,FAM46B,,,
201780,SLC10A4,,170067,FAM48B2,,,
347051,SLC10A5,,54827,FAM55D,,,
57468,SLC12A5,,57795,FAM5B,,,
84561,SLC12A8,,9750,FAM65B,,,
64849,SLC13A3,,84985,FAM83A,,,
6573,SLC19A1,,222584,FAM83B,,,
387775,SLC22A10,,128876,FAM83C,,,
55867,SLC22A11,,55138,FAM90A1,,,
85413,SLC22A16,,137392,FAM92A1,,,
151295,SLC23A3,,2196,FAT2,,,
283652,SLC24A5,,120114,FAT3,,,
1468,SLC25A10,,79633,FAT4,,,
79751,SLC25A22,,2201,FBN2,,,
9481,SLC25A27,,8789,FBP2,,,
283130,SLC25A45,,25827,FBXL2,,,
10861,SLC26A1,,26223,FBXL21,,,
65010,SLC26A6,,283807,FBXL22,,,
11001,SLC27A2,,115290,FBXO17,,,
148641,SLC35F3,,26232,FBXO2,,,
8501,SLC43A1,,126433,FBXO27,,,
51151,SLC45A2,,2205,FCER1A,,,
85414,SLC45A3,,8857,FCGBP,,,
8671,SLC4A4,,2215,FCGR3B,,,
6538,SLC6A11,,127943,FCRLB,,,
388662,SLC6A17,,2241,FER,,,
23657,SLC7A11,,55612,FERMT1,,,
6579,SLCO1A2,,10979,FERMT2,,,
28234,SLCO1B3,,9638,FEZ1,,,
6585,SLIT1,,2255,FGF10,,,
27293,SMPDL3B,,2247,FGF2,,,
283596,SNHG10,,2252,FGF7,,,
8420,SNHG3,,9982,FGFBP1,,,
751867,SNHG3-RCC1,,2263,FGFR2,,,
724102,SNHG4,,2273,FHL1,,,
735301,SNHG9,,2274,FHL2,,,
677821,SNORA39,,9457,FHL5,,,
79856,SNX22,,80206,FHOD3,,,
8403,SOX14,,27145,FILIP1,,,
30812,SOX8,,11259,FILIP1L,,,
389058,SP5,,360132,FKBP9L,,,
10615,SPAG5,,55701,FLJ10357,,,
147841,SPC24,,200058,FLJ23867,,,
57405,SPC25,,440556,FLJ42875,,,
25803,SPDEF,,646113,FLJ43390,,,
245711,SPDYA,,399717,FLJ45983,,,
6690,SPINK1,,2316,FLNA,,,
646424,SPINK8,,2318,FLNC,,,
10417,SPON2,,23768,FLRT2,,,
6712,SPTBN2,,23767,FLRT3,,,
80725,SRCIN1,,56776,FMN2,,,
6725,SRMS,,2326,FMO1,,,
23145,SSPO,,2327,FMO2,,,
6751,SSTR1,,2348,FOLR1,,,
26872,STEAP1,,2354,FOSB,,,
6491,STIL,,8061,FOSL1,,,
161497,STRC,,3170,FOXA2,,,
415117,STX19,,2304,FOXE1,,,
25830,SULT4A1,,2294,FOXF1,,,
100130958,SYCE1L,,2299,FOXI1,,,
9066,SYT7,,399823,FOXI2,,,
445347,TARP,,8456,FOXN1,,,
654341,TBC1D3G,,93986,FOXP2,,,
729877,TBC1D3H,,94234,FOXQ1,,,
6899,TBX1,,341640,FREM2,,,
347853,TBX10,,257019,FRMD3,,,
6913,TBX15,,122786,FRMD6,,,
56165,TDRD1,,90167,FRMD7,,,
221400,TDRD6,,9758,FRMPD4,,,
150483,TEKT4,,391059,FRRS1,,,
7015,TERT,,10468,FST,,,
7033,TFF3,,2524,FUT2,,,
7053,TGM3,,2525,FUT3,,,
7060,THBS4,,2528,FUT6,,,
51298,THEG,,5348,FXYD1,,,
7066,THPO,,53826,FXYD6,,,
374500,THSD1P1,,11211,FZD10,,,
7083,TK1,,8324,FZD7,,,
116238,TLCD1,,50486,G0S2,,,
116211,TM4SF19,,2556,GABRA3,,,
81501,TM7SF4,,2561,GABRB2,,,
79838,TMC5,,2568,GABRP,,,
23671,TMEFF2,,55879,GABRQ,,,
54972,TMEM132A,,89792,GAL3ST3,,,
284339,TMEM145,,114805,GALNT13,,,
130733,TMEM178,,11227,GALNT5,,,
202915,TMEM184A,,11226,GALNT6,,,
120224,TMEM45B,,50614,GALNT9,,,
339456,TMEM52,,2587,GALR1,,,
11013,TMSB15A,,2619,GAS1,,,
84899,TMTC4,,2625,GATA3,,,
8784,TNFRSF18,,140628,GATA5,,,
407977,TNFSF12-TNFSF13,,2628,GATM,,,
63923,TNN,,163351,GBP6,,,
7153,TOP2A,,2645,GCK,,,
27324,TOX3,,9245,GCNT3,,,
94241,TP53INP1,,51301,GCNT4,,,
7173,TPO,,145781,GCOM1,,,
286262,TPRN,,2662,GDF10,,,
22974,TPX2,,8200,GDF5,,,
9618,TRAF4,,151449,GDF7,,,
10221,TRIB1,,115557,GEFT,,,
55521,TRIM36,,2670,GFAP,,,
25893,TRIM58,,8328,GFI1B,,,
440730,TRIM67,,2674,GFRA1,,,
9319,TRIP13,,2675,GFRA2,,,
10024,TROAP,,2676,GFRA3,,,
7226,TRPM2,,124975,GGT6,,,
54795,TRPM4,,54810,GIPC2,,,
79054,TRPM8,,2697,GJA1,,,
10103,TSPAN1,,2707,GJB3,,,
144448,TSPAN19,,127534,GJB4,,,
143941,TTC36,,2709,GJB5,,,
7272,TTK,,10052,GJC1,,,
284076,TTLL6,,125111,GJD3,,,
7276,TTR,,342035,GLDN,,,
7280,TUBB2A,,2737,GLI3,,,
10381,TUBB3,,148979,GLIS1,,,
10382,TUBB4,,169792,GLIS3,,,
7291,TWIST1,,441509,GLRA4,,,
11065,UBE2C,,144423,GLT1D1,,,
7349,UCN,,2774,GNAL,,,
54659,UGT1A3,,2775,GNAO1,,,
7363,UGT2B4,,2781,GNAZ,,,
29128,UHRF1,,2791,GNG11,,,
80329,ULBP1,,150763,GPAT2,,,
80328,ULBP2,,2819,GPD1,,,
90249,UNC5A,,2822,GPLD1,,,
391051,UOX,,2823,GPM6A,,,
25806,VAX2,,2824,GPM6B,,,
7425,VGF,,338442,GPR109A,,,
128434,VSTM2L,,8843,GPR109B,,,
171022,WBSCR26,,25960,GPR124,,,
284403,WDR62,,57211,GPR126,,,
374887,YJEFN3,,283383,GPR133,,,
29799,YPEL1,,347088,GPR144,,,
79844,ZDHHC11,,165829,GPR156,,,
100125288,ZGLP1,,23432,GPR161,,,
7546,ZIC2,,55065,GPR172B,,,
85416,ZIC5,,54328,GPR173,,,
51364,ZMYND10,,9283,GPR37L1,,,
90075,ZNF30,,2863,GPR39,,,
147741,ZNF560,,118442,GPR62,,,
55657,ZNF692,,10149,GPR64,,,
57116,ZNF695,,10936,GPR75,,,
741,ZNHIT2,,54329,GPR85,,,
22917,ZP1,,53836,GPR87,,,
7784,ZP3,,9737,GPRASP1,,,
440590,ZYG11A,,51704,GPRC5B,,,
,,,222545,GPRC6A,,,
,,,2877,GPX2,,,
,,,2878,GPX3,,,
,,,2882,GPX7,,,
,,,493869,GPX8,,,
,,,57476,GRAMD1B,,,
,,,57822,GRHL3,,,
,,,2891,GRIA2,,,
,,,2892,GRIA3,,,
,,,2903,GRIN2A,,,
,,,389207,GRXCR1,,,
,,,2938,GSTA1,,,
,,,2939,GSTA2,,,
,,,2944,GSTM1,,,
,,,2946,GSTM2,,,
,,,2947,GSTM3,,,
,,,2948,GSTM4,,,
,,,2949,GSTM5,,,
,,,2950,GSTP1,,,
,,,2996,GYPE,,,
,,,283120,H19,,,
,,,23498,HAAO,,,
,,,9464,HAND2,,,
,,,1404,HAPLN1,,,
,,,60484,HAPLN2,,,
,,,404037,HAPLN4,,,
,,,3037,HAS2,,,
,,,3038,HAS3,,,
,,,3039,HBA1,,,
,,,3043,HBB,,,
,,,493812,HCG11,,,
,,,54435,HCG4,,,
,,,10021,HCN4,,,
,,,23072,HECW1,,,
,,,220296,HEPACAM,,,
,,,9843,HEPH,,,
,,,641654,HEPN1,,,
,,,3077,HFE,,,
,,,57467,HHATL,,,
,,,79802,HHIPL2,,,
,,,64344,HIF3A,,,
,,,10114,HIPK3,,,
,,,3131,HLF,,,
,,,54511,HMGCLL1,,,
,,,3204,HOXA7,,,
,,,3212,HOXB2,,,
,,,3213,HOXB3,,,
,,,3214,HOXB4,,,
,,,3215,HOXB5,,,
,,,3216,HOXB6,,,
,,,3218,HOXB8,,,
,,,3236,HOXD10,,,
,,,3237,HOXD11,,,
,,,3238,HOXD12,,,
,,,3239,HOXD13,,,
,,,51440,HPCAL4,,,
,,,3242,HPD,,,
,,,84842,HPDL,,,
,,,60495,HPSE2,,,
,,,55806,HR,,,
,,,117245,HRASLS5,,,
,,,3274,HRH2,,,
,,,146713,HRNBP3,,,
,,,9955,HS3ST3A1,,,
,,,9953,HS3ST3B1,,,
,,,222537,HS3ST5,,,
,,,64711,HS3ST6,,,
,,,3290,HSD11B1,,,
,,,345275,HSD17B13,,,
,,,22824,HSPA4L,,,
,,,3316,HSPB2,,,
,,,8988,HSPB3,,,
,,,126393,HSPB6,,,
,,,27129,HSPB7,,,
,,,26353,HSPB8,,,
,,,3351,HTR1B,,,
,,,3356,HTR2A,,,
,,,30811,HUNK,,,
,,,3397,ID1,,,
,,,84099,ID2B,,,
,,,3399,ID3,,,
,,,3400,ID4,,,
,,,8870,IER3,,,
,,,83982,IFI27L2,,,
,,,57722,IGDCC4,,,
,,,3481,IGF2,,,
,,,10644,IGF2BP2,,,
,,,3547,IGSF1,,,
,,,285313,IGSF10,,,
,,,152404,IGSF11,,,
,,,132014,IL17RE,,,
,,,3552,IL1A,,,
,,,7850,IL1R2,,,
,,,9173,IL1RL1,,,
,,,8808,IL1RL2,,,
,,,3557,IL1RN,,,
,,,50604,IL20,,,
,,,58985,IL22RA1,,,
,,,90865,IL33,,,
,,,3572,IL6ST,,,
,,,387597,ILDR2,,,
,,,3626,INHBC,,,
,,,11185,INMT,,,
,,,3628,INPP1,,,
,,,3635,INPP5D,,,
,,,387755,INSC,,,
,,,3645,INSRR,,,
,,,117283,IP6K3,,,
,,,79781,IQCA1,,,
,,,440073,IQSEC3,,,
,,,11213,IRAK3,,,
,,,3670,ISL1,,,
,,,64843,ISL2,,,
,,,145501,ISM2,,,
,,,51477,ISYNA1,,,
,,,3672,ITGA1,,,
,,,3673,ITGA2,,,
,,,3678,ITGA5,,,
,,,8516,ITGA8,,,
,,,3680,ITGA9,,,
,,,26548,ITGB1BP2,,,
,,,3690,ITGB3,,,
,,,3691,ITGB4,,,
,,,3694,ITGB6,,,
,,,3696,ITGB8,,,
,,,80760,ITIH5,,,
,,,55600,ITLN1,,,
,,,142683,ITLN2,,,
,,,9452,ITM2A,,,
,,,3706,ITPKA,,,
,,,3708,ITPR1,,,
,,,150771,ITPRIPL1,,,
,,,3713,IVL,,,
,,,9832,JAKMIP2,,,
,,,221895,JAZF1,,,
,,,57158,JPH2,,,
,,,84502,JPH4,,,
,,,84962,JUB,,,
,,,23189,KANK1,,,
,,,25959,KANK2,,,
,,,163782,KANK4,,,
,,,84056,KATNAL1,,,
,,,166348,KBTBD12,,,
,,,3737,KCNA2,,,
,,,7881,KCNAB1,,,
,,,3745,KCNB1,,,
,,,9312,KCNB2,,,
,,,23630,KCNE1L,,,
,,,10008,KCNE3,,,
,,,3754,KCNF1,,,
,,,3756,KCNH1,,,
,,,3757,KCNH2,,,
,,,23416,KCNH3,,,
,,,23415,KCNH4,,,
,,,27133,KCNH5,,,
,,,30818,KCNIP3,,,
,,,3758,KCNJ1,,,
,,,3769,KCNJ13,,,
,,,3772,KCNJ15,,,
,,,3773,KCNJ16,,,
,,,3760,KCNJ3,,,
,,,3762,KCNJ5,,,
,,,3764,KCNJ8,,,
,,,54207,KCNK10,,,
,,,3777,KCNK3,,,
,,,3778,KCNMA1,,,
,,,3779,KCNMB1,,,
,,,3786,KCNQ3,,,
,,,9132,KCNQ4,,,
,,,56479,KCNQ5,,,
,,,3787,KCNS1,,,
,,,3788,KCNS2,,,
,,,343450,KCNT2,,,
,,,375616,KCP,,,
,,,65987,KCTD14,,,
,,,79734,KCTD17,,,
,,,386617,KCTD8,,,
,,,9729,KIAA0408,,,
,,,57462,KIAA1161,,,
,,,57481,KIAA1210,,,
,,,57562,KIAA1377,,,
,,,57710,KIAA1614,,,
,,,85352,KIAA1644,,,
,,,55083,KIF26B,,,
,,,3798,KIF5A,,,
,,,221458,KIF6,,,
,,,55243,KIRREL,,,
,,,84623,KIRREL3,,,
,,,3815,KIT,,,
,,,4254,KITLG,,,
,,,688,KLF5,,,
,,,11279,KLF8,,,
,,,317719,KLHL10,,,
,,,90293,KLHL13,,,
,,,57565,KLHL14,,,
,,,377007,KLHL30,,,
,,,123103,KLHL33,,,
,,,56062,KLHL4,,,
,,,3824,KLRD1,,,
,,,51348,KLRF1,,,
,,,85442,KNDC1,,,
,,,3860,KRT13,,,
,,,3861,KRT14,,,
,,,3866,KRT15,,,
,,,3868,KRT16,,,
,,,3872,KRT17,,,
,,,3880,KRT19,,,
,,,125113,KRT222,,,
,,,25984,KRT23,,,
,,,192666,KRT24,,,
,,,3851,KRT4,,,
,,,3852,KRT5,,,
,,,3853,KRT6A,,,
,,,3854,KRT6B,,,
,,,286887,KRT6C,,,
,,,3855,KRT7,,,
,,,3857,KRT9,,,
,,,8844,KSR1,,,
,,,339855,KY,,,
,,,3897,L1CAM,,,
,,,91133,L3MBTL4,,,
,,,3909,LAMA3,,,
,,,3914,LAMB3,,,
,,,347404,LANCL3,,,
,,,9215,LARGE,,,
,,,204219,LASS3,,,
,,,143903,LAYN,,,
,,,167691,LCA5,,,
,,,389812,LCN15,,,
,,,3934,LCN2,,,
,,,158062,LCN6,,,
,,,11155,LDB3,,,
,,,10637,LEFTY1,,,
,,,10536,LEPREL2,,,
,,,3958,LGALS3,,,
,,,3959,LGALS3BP,,,
,,,3960,LGALS4,,,
,,,3963,LGALS7,,,
,,,653499,LGALS7B,,,
,,,9211,LGI1,,,
,,,203190,LGI3,,,
,,,8549,LGR5,,,
,,,59352,LGR6,,,
,,,340596,LHFPL1,,,
,,,375323,LHFPL4,,,
,,,55679,LIMS2,,,
,,,96626,LIMS3,,,
,,,158038,LINGO2,,,
,,,3990,LIPC,,,
,,,3991,LIPE,,,
,,,9388,LIPG,,,
,,,167410,LIX1,,,
,,,55885,LMO3,,,
,,,25802,LMOD1,,,
,,,100126784,LOC100126784,,,
,,,100128239,LOC100128239,,,
,,,100130238,LOC100130238,,,
,,,100130933,LOC100130933,,,
,,,100133669,LOC100133669,,,
,,,100192378,LOC100192378,,,
,,,100302640,LOC100302640,,,
,,,134466,LOC134466,,,
,,,145820,LOC145820,,,
,,,148824,LOC148824,,,
,,,149837,LOC149837,,,
,,,151174,LOC151174,,,
,,,255167,LOC255167,,,
,,,283070,LOC283070,,,
,,,283392,LOC283392,,,
,,,283856,LOC283856,,,
,,,284276,LOC284276,,,
,,,284837,LOC284837,,,
,,,339535,LOC339535,,,
,,,389493,LOC389493,,,
,,,399959,LOC399959,,,
,,,400759,LOC400759,,,
,,,400804,LOC400804,,,
,,,401093,LOC401093,,,
,,,440173,LOC440173,,,
,,,441666,LOC441666,,,
,,,441869,LOC441869,,,
,,,442421,LOC442421,,,
,,,554202,LOC554202,,,
,,,572558,LOC572558,,,
,,,642587,LOC642587,,,
,,,643008,LOC643008,,,
,,,643763,LOC643763,,,
,,,644538,LOC644538,,,
,,,644936,LOC644936,,,
,,,650623,LOC650623,,,
,,,84856,LOC84856,,,
,,,29931,LOH3CR2A,,,
,,,79836,LONRF3,,,
,,,4018,LPA,,,
,,,1902,LPAR1,,,
,,,54947,LPCAT2,,,
,,,23284,LPHN3,,,
,,,4026,LPP,,,
,,,9227,LRAT,,,
,,,57631,LRCH2,,,
,,,145581,LRFN5,,,
,,,4033,LRMP,,,
,,,53353,LRP1B,,,
,,,4038,LRP4,,,
,,,10234,LRRC17,,,
,,,79442,LRRC2,,,
,,,116135,LRRC3B,,,
,,,64101,LRRC4,,,
,,,254050,LRRC43,,,
,,,120892,LRRK2,,,
,,,54674,LRRN3,,,
,,,347730,LRRTM1,,,
,,,347731,LRRTM3,,,
,,,4045,LSAMP,,,
,,,4057,LTF,,,
,,,8581,LY6D,,,
,,,58530,LY6G6D,,,
,,,54742,LY6K,,,
,,,4065,LY75,,,
,,,130576,LYPD6B,,,
,,,10894,LYVE1,,,
,,,4081,MAB21L1,,,
,,,346389,MACC1,,,
,,,84944,MAEL,,,
,,,139599,MAGEE2,,,
,,,4118,MAL,,,
,,,256691,MAMDC2,,,
,,,84441,MAML2,,,
,,,10046,MAMLD1,,,
,,,284358,MAMSTR,,,
,,,4129,MAOB,,,
,,,4130,MAP1A,,,
,,,4131,MAP1B,,,
,,,83742,MARVELD1,,,
,,,5648,MASP1,,,
,,,375449,MAST4,,,
,,,4143,MAT1A,,,
,,,4147,MATN2,,,
,,,8785,MATN4,,,
,,,10150,MBNL2,,,
,,,55796,MBNL3,,,
,,,4162,MCAM,,,
,,,4163,MCC,,,
,,,4168,MCF2,,,
,,,29969,MDFIC,,,
,,,4199,ME1,,,
,,,2122,MECOM,,,
,,,84466,MEGF10,,,
,,,4211,MEIS1,,,
,,,4212,MEIS2,,,
,,,4213,MEIS3P1,,,
,,,317751,MESTIT1,,,
,,,4233,MET,,,
,,,25840,METTL7A,,,
,,,8076,MFAP5,,,
,,,84879,MFSD2A,,,
,,,8972,MGAM,,,
,,,25834,MGAT4C,,,
,,,113691,MGC16703,,,
,,,117153,MIA2,,,
,,,23209,MLC1,,,
,,,4311,MME,,,
,,,4325,MMP16,,,
,,,22915,MMRN1,,,
,,,79817,MOBKL2B,,,
,,,4353,MPO,,,
,,,4355,MPP2,,,
,,,4359,MPZ,,,
,,,10205,MPZL2,,,
,,,3140,MR1,,,
,,,112609,MRAP2,,,
,,,116535,MRGPRF,,,
,,,83876,MRO,,,
,,,10335,MRVI1,,,
,,,10232,MSLN,,,
,,,253827,MSRB3,,,
,,,51765,MST4,,,
,,,10903,MTMR11,,,
,,,55613,MTMR8,,,
,,,4547,MTTP,,,
,,,143662,MUC15,,,
,,,394263,MUC21,,,
,,,4585,MUC4,,,
,,,4588,MUC6,,,
,,,439921,MXRA7,,,
,,,4629,MYH11,,,
,,,4620,MYH2,,,
,,,4621,MYH3,,,
,,,4624,MYH6,,,
,,,4625,MYH7,,,
,,,4632,MYL1,,,
,,,4634,MYL3,,,
,,,10398,MYL9,,,
,,,4638,MYLK,,,
,,,53904,MYO3A,,,
,,,4653,MYOC,,,
,,,93649,MYOCD,,,
,,,26509,MYOF,,,
,,,8736,MYOM1,,,
,,,9499,MYOT,,,
,,,58529,MYOZ1,,,
,,,51778,MYOZ2,,,
,,,91977,MYOZ3,,,
,,,10003,NAALAD2,,,
,,,10004,NAALADL1,,,
,,,23148,NACAD,,,
,,,138151,NACC2,,,
,,,162417,NAGS,,,
,,,10,NAT2,,,
,,,89797,NAV2,,,
,,,89795,NAV3,,,
,,,79804,NBLA00301,,,
,,,4684,NCAM1,,,
,,,342897,NCCRP1,,,
,,,644596,NCRNA00087,,,
,,,100188953,NCRNA00092,,,
,,,503538,NCRNA00181,,,
,,,23413,NCS1,,,
,,,4693,NDP,,,
,,,57447,NDRG2,,,
,,,65009,NDRG4,,,
,,,64168,NECAB1,,,
,,,4744,NEFH,,,
,,,4747,NEFL,,,
,,,4741,NEFM,,,
,,,257194,NEGR1,,,
,,,152110,NEK10,,,
,,,4753,NELL2,,,
,,,54492,NEURL1B,,,
,,,93082,NEURL3,,,
,,,91624,NEXN,,,
,,,4773,NFATC2,,,
,,,4804,NGFR,,,
,,,4808,NHLH2,,,
,,,4810,NHS,,,
,,,340527,NHSL2,,,
,,,4811,NID1,,,
,,,348938,NIPAL4,,,
,,,222698,NKAPL,,,
,,,85407,NKD1,,,
,,,22871,NLGN1,,,
,,,54413,NLGN3,,,
,,,338323,NLRP14,,,
,,,10316,NMUR1,,,
,,,9241,NOG,,,
,,,4842,NOS1,,,
,,,27035,NOX1,,,
,,,266743,NPAS4,,,
,,,10886,NPFFR2,,,
,,,4880,NPPC,,,
,,,4882,NPR2,,,
,,,4888,NPY6R,,,
,,,9971,NR1H4,,,
,,,2908,NR3C1,,,
,,,8013,NR4A3,,,
,,,4892,NRAP,,,
,,,3084,NRG1,,,
,,,9542,NRG2,,,
,,,10718,NRG3,,,
,,,203447,NRK,,,
,,,8828,NRP2,,,
,,,9378,NRXN1,,,
,,,9369,NRXN3,,,
,,,4907,NT5E,,,
,,,4908,NTF3,,,
,,,4909,NTF4,,,
,,,9423,NTN1,,,
,,,59277,NTN4,,,
,,,4914,NTRK1,,,
,,,4915,NTRK2,,,
,,,4916,NTRK3,,,
,,,170685,NUDT10,,,
,,,57523,NYNRIN,,,
,,,4942,OAT,,,
,,,4948,OCA2,,,
,,,54959,ODAM,,,
,,,161753,ODF3L1,,,
,,,57451,ODZ2,,,
,,,55714,ODZ3,,,
,,,4969,OGN,,,
,,,10562,OLFM4,,,
,,,283298,OLFML1,,,
,,,169611,OLFML2A,,,
,,,4978,OPCML,,,
,,,26659,OR7A5,,,
,,,26664,OR7C1,,,
,,,341277,OVCH2,,,
,,,165140,OXER1,,,
,,,5023,P2RX1,,,
,,,22953,P2RX2,,,
,,,9127,P2RX6,,,
,,,5027,P2RX7,,,
,,,64805,P2RY12,,,
,,,5029,P2RY2,,,
,,,132430,PABPC4L,,,
,,,11240,PADI2,,,
,,,51702,PADI3,,,
,,,5047,PAEP,,,
,,,9506,PAGE4,,,
,,,5053,PAH,,,
,,,5063,PAK3,,,
,,,57144,PAK7,,,
,,,23022,PALLD,,,
,,,342979,PALM3,,,
,,,390928,PAPL,,,
,,,5069,PAPPA,,,
,,,60676,PAPPA2,,,
,,,54852,PAQR5,,,
,,,164091,PAQR7,,,
,,,85315,PAQR8,,,
,,,8123,PAR5,,,
,,,25849,PARM1,,,
,,,160065,PATE1,,,
,,,100169851,PATE3,,,
,,,399968,PATE4,,,
,,,7849,PAX8,,,
,,,5087,PBX1,,,
,,,57575,PCDH10,,,
,,,27328,PCDH11X,,,
,,,83259,PCDH11Y,,,
,,,54510,PCDH18,,,
,,,64881,PCDH20,,,
,,,5099,PCDH7,,,
,,,5101,PCDH9,,,
,,,56134,PCDHAC2,,,
,,,56106,PCDHGA10,,,
,,,26025,PCDHGA12,,,
,,,56107,PCDHGA9,,,
,,,56099,PCDHGB7,,,
,,,200373,PCDP1,,,
,,,5121,PCP4,,,
,,,654790,PCP4L1,,,
,,,5126,PCSK2,,,
,,,255738,PCSK9,,,
,,,9468,PCYT1B,,,
,,,5137,PDE1C,,,
,,,5138,PDE2A,,,
,,,5139,PDE3A,,,
,,,5141,PDE4A,,,
,,,8654,PDE5A,,,
,,,5158,PDE6B,,,
,,,27115,PDE7B,,,
,,,56034,PDGFC,,,
,,,80310,PDGFD,,,
,,,204474,PDILT,,,
,,,5166,PDK4,,,
,,,9124,PDLIM1,,,
,,,9260,PDLIM7,,,
,,,10630,PDPN,,,
,,,29951,PDZRN4,,,
,,,23089,PEG10,,,
,,,5178,PEG3,,,
,,,5179,PENK,,,
,,,80055,PGAP1,,,
,,,5228,PGF,,,
,,,5239,PGM5,,,
,,,595135,PGM5P2,,,
,,,145814,PGPEP1L,,,
,,,5241,PGR,,,
,,,116154,PHACTR3,,,
,,,22822,PHLDA1,,,
,,,254295,PHYHD1,,,
,,,9796,PHYHIP,,,
,,,84457,PHYHIPL,,,
,,,221476,PI16,,,
,,,5288,PIK3C2G,,,
,,,5295,PIK3R1,,,
,,,5304,PIP,,,
,,,8395,PIP5K1B,,,
,,,138429,PIP5KL1,,,
,,,51268,PIPOX,,,
,,,83394,PITPNM3,,,
,,,5308,PITX2,,,
,,,55124,PIWIL2,,,
,,,114780,PKD1L2,,,
,,,93035,PKHD1L1,,,
,,,50487,PLA2G3,,,
,,,5321,PLA2G4A,,,
,,,283748,PLA2G4D,,,
,,,219348,PLAC9,,,
,,,5324,PLAG1,,,
,,,79887,PLBD1,,,
,,,113026,PLCD3,,,
,,,5334,PLCL1,,,
,,,5337,PLD1,,,
,,,200150,PLD5,,,
,,,59339,PLEKHA2,,,
,,,26030,PLEKHG3,,,
,,,130271,PLEKHH2,,,
,,,729359,PLIN4,,,
,,,51090,PLLP,,,
,,,5350,PLN,,,
,,,5354,PLP1,,,
,,,5355,PLP2,,,
,,,5358,PLS3,,,
,,,57088,PLSCR4,,,
,,,91584,PLXNA4,,,
,,,10154,PLXNC1,,,
,,,148811,PM20D1,,,
,,,5375,PMP2,,,
,,,5376,PMP22,,,
,,,139728,PNCK,,,
,,,9240,PNMA1,,,
,,,10687,PNMA2,,,
,,,55228,PNMAL1,,,
,,,57469,PNMAL2,,,
,,,5409,PNMT,,,
,,,79983,POF1B,,,
,,,5443,POMC,,,
,,,5446,PON3,,,
,,,64091,POPDC2,,,
,,,5450,POU2AF1,,,
,,,5452,POU2F2,,,
,,,25833,POU2F3,,,
,,,5453,POU3F1,,,
,,,5455,POU3F3,,,
,,,84814,PPAPDC3,,,
,,,10891,PPARGC1A,,,
,,,133522,PPARGC1B,,,
,,,151742,PPM1L,,,
,,,4660,PPP1R12B,,,
,,,81706,PPP1R14C,,,
,,,5502,PPP1R1A,,,
,,,151242,PPP1R1C,,,
,,,5507,PPP1R3C,,,
,,,5521,PPP2R2B,,,
,,,55370,PPP4R1L,,,
,,,160760,PPTC7,,,
,,,56981,PRDM11,,,
,,,63976,PRDM16,,,
,,,11107,PRDM5,,,
,,,56978,PRDM8,,,
,,,153768,PRELID2,,,
,,,80243,PREX2,,,
,,,144165,PRICKLE1,,,
,,,166336,PRICKLE2,,,
,,,145270,PRIMA1,,,
,,,5578,PRKCA,,,
,,,5579,PRKCB,,,
,,,5592,PRKG1,,,
,,,5593,PRKG2,,,
,,,5625,PRODH,,,
,,,84432,PROK1,,,
,,,8842,PROM1,,,
,,,5629,PROX1,,,
,,,5630,PRPH,,,
,,,5961,PRPH2,,,
,,,79056,PRRG4,,,
,,,5644,PRSS1,,,
,,,8492,PRSS12,,,
,,,10279,PRSS16,,,
,,,10942,PRSS21,,,
,,,167681,PRSS35,,,
,,,56952,PRTFDC1,,,
,,,8000,PSCA,,,
,,,84249,PSD2,,,
,,,387590,psiTPTE22,,,
,,,139411,PTCHD1,,,
,,,5730,PTGDS,,,
,,,5733,PTGER3,,,
,,,9536,PTGES,,,
,,,5740,PTGIS,,,
,,,5742,PTGS1,,,
,,,5743,PTGS2,,,
,,,5745,PTH1R,,,
,,,9200,PTPLA,,,
,,,401494,PTPLAD2,,,
,,,374462,PTPRQ,,,
,,,5803,PTPRZ1,,,
,,,284119,PTRF,,,
,,,29942,PURG,,,
,,,5836,PYGL,,,
,,,5837,PYGM,,,
,,,23475,QPRT,,,
,,,5768,QSOX1,,,
,,,22841,RAB11FIP2,,,
,,,83871,RAB34,,,
,,,23682,RAB38,,,
,,,142684,RAB40A,,,
,,,282808,RAB40AL,,,
,,,51209,RAB9B,,,
,,,135250,RAET1E,,,
,,,353091,RAET1G,,,
,,,5896,RAG1,,,
,,,51195,RAPGEFL1,,,
,,,5915,RARB,,,
,,,5916,RARG,,,
,,,5918,RARRES1,,,
,,,8437,RASAL1,,,
,,,5923,RASGRF1,,,
,,,5924,RASGRF2,,,
,,,91608,RASL10B,,,
,,,65997,RASL11B,,,
,,,51285,RASL12,,,
,,,83593,RASSF5,,,
,,,282996,RBM20,,,
,,,27303,RBMS3,,,
,,,5947,RBP1,,,
,,,5950,RBP4,,,
,,,11030,RBPMS,,,
,,,348093,RBPMS2,,,
,,,10231,RCAN2,,,
,,,9985,REC8,,,
,,,65055,REEP1,,,
,,,51308,REEP2,,,
,,,5966,REL,,,
,,,85004,RERG,,,
,,,9104,RGN,,,
,,,64283,RGNEF,,,
,,,6003,RGS13,,,
,,,26166,RGS22,,,
,,,401190,RGS7BP,,,
,,,8787,RGS9,,,
,,,162494,RHBDL3,,,
,,,51458,RHCG,,,
,,,388,RHOB,,,
,,,54509,RHOF,,,
,,,9783,RIMS3,,,
,,,140730,RIMS4,,,
,,,11035,RIPK3,,,
,,,493901,RNASE12,,,
,,,84659,RNASE7,,,
,,,8153,RND2,,,
,,,390,RND3,,,
,,,7732,RNF112,,,
,,,376412,RNF126P1,,,
,,,79589,RNF128,,,
,,,220441,RNF152,,,
,,,494470,RNF165,,,
,,,285533,RNF175,,,
,,,285671,RNF180,,,
,,,221687,RNF182,,,
,,,6091,ROBO1,,,
,,,6092,ROBO2,,,
,,,9475,ROCK2,,,
,,,4919,ROR1,,,
,,,4920,ROR2,,,
,,,6121,RPE65,,,
,,,56475,RPRM,,,
,,,256355,RPS2P32,,,
,,,6237,RRAS,,,
,,,221421,RSPH9,,,
,,,340419,RSPO2,,,
,,,84870,RSPO3,,,
,,,27156,RTDR1,,,
,,,132112,RTP1,,,
,,,862,RUNX1T1,,,
,,,6258,RXRG,,,
,,,57402,S100A14,,,
,,,140576,S100A16,,,
,,,6273,S100A2,,,
,,,6277,S100A6,,,
,,,6279,S100A8,,,
,,,6285,S100B,,,
,,,53637,S1PR5,,,
,,,6299,SALL1,,,
,,,401474,SAMD12,,,
,,,201191,SAMD14,,,
,,,51435,SCARA3,,,
,,,286133,SCARA5,,,
,,,7356,SCGB1A1,,,
,,,4246,SCGB2A1,,,
,,,92304,SCGB3A1,,,
,,,29970,SCHIP1,,,
,,,11280,SCN11A,,,
,,,6327,SCN2B,,,
,,,6329,SCN4A,,,
,,,6331,SCN5A,,,
,,,6332,SCN7A,,,
,,,6337,SCNN1A,,,
,,,6338,SCNN1B,,,
,,,6340,SCNN1G,,,
,,,11341,SCRG1,,,
,,,9805,SCRN1,,,
,,,80274,SCUBE1,,,
,,,222663,SCUBE3,,,
,,,6382,SDC1,,,
,,,8436,SDPR,,,
,,,10484,SEC23A,,,
,,,6401,SELE,,,
,,,10371,SEMA3A,,,
,,,223117,SEMA3D,,,
,,,9723,SEMA3E,,,
,,,9037,SEMA5A,,,
,,,80031,SEMA6D,,,
,,,6406,SEMG1,,,
,,,6407,SEMG2,,,
,,,387923,SERP2,,,
,,,5267,SERPINA4,,,
,,,5104,SERPINA5,,,
,,,1992,SERPINB1,,,
,,,89778,SERPINB11,,,
,,,6317,SERPINB3,,,
,,,5268,SERPINB5,,,
,,,5176,SERPINF1,,,
,,,5345,SERPINF2,,,
,,,56256,SERTAD4,,,
,,,6425,SFRP5,,,
,,,6442,SGCA,,,
,,,6443,SGCB,,,
,,,8910,SGCE,,,
,,,6445,SGCG,,,
,,,6446,SGK1,,,
,,,79834,SGK269,,,
,,,6450,SH3BGR,,,
,,,6457,SH3GL3,,,
,,,285590,SH3PXD2B,,,
,,,399694,SHC4,,,
,,,729993,SHISA9,,,
,,,150094,SIK1,,,
,,,6492,SIM1,,,
,,,10736,SIX2,,,
,,,9058,SLC13A2,,,
,,,6563,SLC14A1,,,
,,,6564,SLC15A1,,,
,,,387700,SLC16A12,,,
,,,9122,SLC16A4,,,
,,,9121,SLC16A5,,,
,,,9194,SLC16A7,,,
,,,6571,SLC18A2,,,
,,,6507,SLC1A3,,,
,,,6511,SLC1A6,,,
,,,6582,SLC22A2,,,
,,,6581,SLC22A3,,,
,,,57419,SLC24A3,,,
,,,123041,SLC24A4,,,
,,,1811,SLC26A3,,,
,,,115111,SLC26A7,,,
,,,64078,SLC28A3,,,
,,,6517,SLC2A4,,,
,,,6518,SLC2A5,,,
,,,56606,SLC2A9,,,
,,,10568,SLC34A2,,,
,,,222553,SLC35F1,,,
,,,341880,SLC35F4,,,
,,,10991,SLC38A3,,,
,,,55089,SLC38A4,,,
,,,92745,SLC38A5,,,
,,,29986,SLC39A2,,,
,,,30061,SLC40A1,,,
,,,57864,SLC46A2,,,
,,,55244,SLC47A1,,,
,,,83959,SLC4A11,,,
,,,60482,SLC5A7,,,
,,,160728,SLC5A8,,,
,,,6530,SLC6A2,,,
,,,6532,SLC6A4,,,
,,,57709,SLC7A14,,,
,,,6545,SLC7A4,,,
,,,6546,SLC8A1,,,
,,,6543,SLC8A2,,,
,,,389015,SLC9A4,,,
,,,28232,SLCO3A1,,,
,,,353189,SLCO4C1,,,
,,,55106,SLFN12,,,
,,,146857,SLFN13,,,
,,,9353,SLIT2,,,
,,,6586,SLIT3,,,
,,,84631,SLITRK2,,,
,,,22865,SLITRK3,,,
,,,84189,SLITRK6,,,
,,,7871,SLMAP,,,
,,,6588,SLN,,,
,,,6590,SLPI,,,
,,,64093,SMOC1,,,
,,,23676,SMPX,,,
,,,10879,SMR3B,,,
,,,6525,SMTN,,,
,,,342527,SMTNL2,,,
,,,6591,SNAI2,,,
,,,6616,SNAP25,,,
,,,6623,SNCG,,,
,,,9751,SNPH,,,
,,,169166,SNX31,,,
,,,51375,SNX7,,,
,,,54937,SOHLH2,,,
,,,10580,SORBS1,,,
,,,114815,SORCS1,,,
,,,57537,SORCS2,,,
,,,25928,SOSTDC1,,,
,,,6663,SOX10,,,
,,,6665,SOX15,,,
,,,6657,SOX2,,,
,,,11063,SOX30,,,
,,,6660,SOX5,,,
,,,83595,SOX7,,,
,,,80320,SP6,,,
,,,8404,SPARCL1,,,
,,,132671,SPATA18,,,
,,,54558,SPATA6,,,
,,,10290,SPEG,,,
,,,23111,SPG20,,,
,,,153218,SPINK13,,,
,,,6691,SPINK2,,,
,,,11005,SPINK5,,,
,,,50859,SPOCK3,,,
,,,10418,SPON1,,,
,,,55304,SPTLC3,,,
,,,6716,SRD5A2,,,
,,,6345,SRL,,,
,,,8406,SRPX,,,
,,,84530,SRRM4,,,
,,,8082,SSPN,,,
,,,6750,SST,,,
,,,6752,SSTR2,,,
,,,6764,ST5,,,
,,,84620,ST6GAL2,,,
,,,10610,ST6GALNAC2,,,
,,,27090,ST6GALNAC4,,,
,,,6489,ST8SIA1,,,
,,,6769,STAC,,,
,,,342667,STAC2,,,
,,,134429,STARD4,,,
,,,9754,STARD8,,,
,,,202374,STK32A,,,
,,,65975,STK33,,,
,,,2040,STOM,,,
,,,286749,STON1-GTF2A1L,,,
,,,56977,STOX2,,,
,,,9515,STXBP5L,,,
,,,6783,SULT1E1,,,
,,,6822,SULT2A1,,,
,,,9900,SV2A,,,
,,,9899,SV2B,,,
,,,6840,SVIL,,,
,,,136306,SVOPL,,,
,,,93426,SYCE1,,,
,,,23336,SYNM,,,
,,,171024,SYNPO2,,,
,,,341359,SYT10,,,
,,,83851,SYT16,,,
,,,90019,SYT8,,,
,,,143425,SYT9,,,
,,,6867,TACC1,,,
,,,6865,TACR2,,,
,,,54457,TAF7L,,,
,,,6876,TAGLN,,,
,,,29114,TAGLN3,,,
,,,23216,TBC1D1,,,
,,,9496,TBX4,,,
,,,6910,TBX5,,,
,,,8557,TCAP,,,
,,,140597,TCEAL2,,,
,,,56849,TCEAL7,,,
,,,83439,TCF7L1,,,
,,,6947,TCN1,,,
,,,6997,TDGF1,,,
,,,7003,TEAD1,,,
,,,374739,TEPP,,,
,,,26136,TES,,,
,,,29842,TFCP2L1,,,
,,,7980,TFPI2,,,
,,,7038,TG,,,
,,,7041,TGFB1I1,,,
,,,7043,TGFB3,,,
,,,7049,TGFBR3,,,
,,,7051,TGM1,,,
,,,7047,TGM4,,,
,,,9333,TGM5,,,
,,,7069,THRSP,,,
,,,79875,THSD4,,,
,,,80731,THSD7B,,,
,,,7078,TIMP3,,,
,,,7079,TIMP4,,,
,,,64129,TINAGL1,,,
,,,81793,TLR10,,,
,,,7097,TLR2,,,
,,,7098,TLR3,,,
,,,55273,TMEM100,,,
,,,113277,TMEM106A,,,
,,,66000,TMEM108,,,
,,,283953,TMEM114,,,
,,,114795,TMEM132B,,,
,,,92293,TMEM132C,,,
,,,135932,TMEM139,,,
,,,201799,TMEM154,,,
,,,25907,TMEM158,,,
,,,92691,TMEM169,,,
,,,399474,TMEM200B,,,
,,,645369,TMEM200C,,,
,,,155006,TMEM213,,,
,,,730130,TMEM229A,,,
,,,59353,TMEM35,,,
,,,140738,TMEM37,,,
,,,55287,TMEM40,,,
,,,83604,TMEM47,,,
,,,137835,TMEM71,,,
,,,157753,TMEM74,,,
,,,79953,TMEM90B,,,
,,,162461,TMEM92,,,
,,,259236,TMIE,,,
,,,55217,TMLHE,,,
,,,339967,TMPRSS11A,,,
,,,56649,TMPRSS4,,,
,,,8794,TNFRSF10C,,,
,,,8793,TNFRSF10D,,,
,,,8600,TNFSF11,,,
,,,23043,TNIK,,,
,,,64102,TNMD,,,
,,,7134,TNNC1,,,
,,,7125,TNNC2,,,
,,,51086,TNNI3K,,,
,,,7140,TNNT3,,,
,,,7145,TNS1,,,
,,,84951,TNS4,,,
,,,63970,TP53AIP1,,,
,,,8626,TP63,,,
,,,7168,TPM1,,,
,,,7169,TPM2,,,
,,,285386,TPRG1,,,
,,,348825,TPRXL,,,
,,,10758,TRAF3IP2,,,
,,,10345,TRDN,,,
,,,55809,TRERF1,,,
,,,7200,TRH,,,
,,,29953,TRHDE,,,
,,,23321,TRIM2,,,
,,,10346,TRIM22,,,
,,,23650,TRIM29,,,
,,,117854,TRIM6,,,
,,,391712,TRIM61,,,
,,,114088,TRIM9,,,
,,,7205,TRIP6,,,
,,,7216,TRO,,,
,,,7220,TRPC1,,,
,,,7222,TRPC3,,,
,,,7223,TRPC4,,,
,,,7225,TRPC6,,,
,,,80036,TRPM3,,,
,,,29850,TRPM5,,,
,,,162514,TRPV3,,,
,,,59341,TRPV4,,,
,,,128553,TSHZ2,,,
,,,57616,TSHZ3,,,
,,,85480,TSLP,,,
,,,90139,TSPAN18,,,
,,,10100,TSPAN2,,,
,,,7102,TSPAN7,,,
,,,128854,TSPYL3,,,
,,,84630,TTBK1,,,
,,,55001,TTC22,,,
,,,23331,TTC28,,,
,,,7277,TUBA4A,,,
,,,7287,TULP1,,,
,,,117581,TWIST2,,,
,,,134111,UBE2QL1,,,
,,,127733,UBXN10,,,
,,,652995,UCA1,,,
,,,7345,UCHL1,,,
,,,7364,UGT2B7,,,
,,,133688,UGT3A1,,,
,,,167127,UGT3A2,,,
,,,7368,UGT8,,,
,,,127933,UHMK1,,,
,,,219699,UNC5B,,,
,,,8633,UNC5C,,,
,,,11045,UPK1A,,,
,,,7348,UPK1B,,,
,,,7379,UPK2,,,
,,,124590,USH1G,,,
,,,9099,USP2,,,
,,,84101,USP44,,,
,,,57687,VAT1L,,,
,,,10451,VAV3,,,
,,,7414,VCL,,,
,,,79674,VEPH1,,,
,,,51442,VGLL1,,,
,,,50853,VILL,,,
,,,5212,VIT,,,
,,,23584,VSIG2,,,
,,,7447,VSNL1,,,
,,,79679,VTCN1,,,
,,,4013,VWA5A,,,
,,,220001,VWCE,,,
,,,256764,WDR72,,,
,,,58189,WFDC1,,,
,,,128488,WFDC12,,,
,,,10406,WFDC2,,,
,,,149708,WFDC5,,,
,,,124857,WFIKKN2,,,
,,,11197,WIF1,,,
,,,644150,WIPF3,,,
,,,8839,WISP2,,,
,,,8838,WISP3,,,
,,,80326,WNT10A,,,
,,,51384,WNT16,,,
,,,7472,WNT2,,,
,,,7482,WNT2B,,,
,,,89780,WNT3A,,,
,,,7475,WNT6,,,
,,,7476,WNT7A,,,
,,,7484,WNT9B,,,
,,,9671,WSCD2,,,
,,,25937,WWTR1,,,
,,,7499,XG,,,
,,,7504,XK,,,
,,,114786,XKR4,,,
,,,389610,XKR5,,,
,,,51087,YBX2,,,
,,,51776,ZAK,,,
,,,26137,ZBTB20,,,
,,,201501,ZBTB7C,,,
,,,728116,ZBTB8B,,,
,,,170261,ZCCHC12,,,
,,,158866,ZDHHC15,,,
,,,6935,ZEB1,,,
,,,9839,ZEB2,,,
,,,677,ZFP36L1,,,
,,,346171,ZFP57,,,
,,,23414,ZFPM2,,,
,,,23217,ZFR2,,,
,,,64393,ZMAT3,,,
,,,163071,ZNF114,,,
,,,7710,ZNF154,,,
,,,7712,ZNF157,,,
,,,7739,ZNF185,,,
,,,7754,ZNF204P,,,
,,,7757,ZNF208,,,
,,,113835,ZNF257,,,
,,,167465,ZNF366,,,
,,,23090,ZNF423,,,
,,,285676,ZNF454,,,
,,,158399,ZNF483,,,
,,,90649,ZNF486,,,
,,,118738,ZNF488,,,
,,,57615,ZNF492,,,
,,,9658,ZNF516,,,
,,,9745,ZNF536,,,
,,,79027,ZNF655,,,
,,,285349,ZNF660,,,
,,,163223,ZNF676,,,
,,,7552,ZNF711,,,
,,,442319,ZNF727,,,
,,,79755,ZNF750,,,
,,,91752,ZNF804A,,,
,,,664701,ZNF826,,,
,,,169834,ZNF883,,,
,,,148198,ZNF98,,,
,,,7579,ZSCAN20,,,
,,,201516,ZSCAN4,,,
